"","V1","V2","V3","V4","V5","V6","V7","V8","V9","V10","V11","V12","V13","V14","V15","V16","V17","V18","V19","V20","V21","V22","V23","V24","V25","V26","V27","V28","V29","V30","V31","V32","V33","V34","V35","V36","V37","V38","V39","V40","V41","V42","V43","V44","V45","V46","V47","V48","V49","V50","V51","V52","V53","V54","V55","V56","V57","V58","V59","V60","V61","V62","V63","V64","V65","V66","V67","V68","V69","V70","V71","V72","V73","V74","V75","V76","V77","V78","V79","V80","V81","V82","V83","V84"
"1","sex","sex","sex","sex","sex","sex","sex","sex","sex","sex","sex","sex","sex","sex","sex","sex","sex","sex","sex","sex","sex","sex","sex","sex","sex","sex","sex","sex","sex","sex","sex","sex","sex","sex","sex","sex","sex","sex","sex","sex","sex","sex","sex","sex","sex","sex","sex","sex","sex","sex","sex","sex","sex","sex","sex","sex","weight","weight","weight","weight","weight","weight","weight","weight","weight","weight","weight","weight","weight","weight","weight","weight","weight","weight","weight","weight","weight","height","height","height","height","height","height","con_tab"
"2","weight","weight","weight","weight","weight","weight","weight","weight","weight","weight","weight","weight","weight","weight","weight","weight","weight","weight","weight","weight","weight","weight","weight","weight","weight","weight","weight","weight","weight","weight","weight","weight","weight","weight","weight","height","height","height","height","height","height","height","height","height","height","height","height","height","height","height","con_tab","con_tab","con_tab","con_tab","con_tab","year","height","height","height","height","height","height","height","height","height","height","height","height","height","height","height","con_tab","con_tab","con_tab","con_tab","con_tab","year","con_tab","con_tab","con_tab","con_tab","con_tab","year","year"
"3","height","height","height","height","height","height","height","height","height","height","height","height","height","height","height","height","height","height","height","height","con_tab","con_tab","con_tab","con_tab","con_tab","con_tab","con_tab","con_tab","con_tab","con_tab","year","year","year","year","educa","con_tab","con_tab","con_tab","con_tab","con_tab","con_tab","con_tab","con_tab","con_tab","con_tab","year","year","year","year","educa","year","year","year","year","educa","educa","con_tab","con_tab","con_tab","con_tab","con_tab","con_tab","con_tab","con_tab","con_tab","con_tab","year","year","year","year","educa","year","year","year","year","educa","educa","year","year","year","year","educa","educa","educa"
"4","con_tab","con_tab","con_tab","con_tab","con_tab","con_tab","con_tab","con_tab","con_tab","con_tab","year","year","year","year","year","year","educa","educa","educa","imc","year","year","year","year","year","year","educa","educa","educa","imc","educa","educa","educa","imc","imc","year","year","year","year","year","year","educa","educa","educa","imc","educa","educa","educa","imc","imc","educa","educa","educa","imc","imc","imc","year","year","year","year","year","year","educa","educa","educa","imc","educa","educa","educa","imc","imc","educa","educa","educa","imc","imc","imc","educa","educa","educa","imc","imc","imc","imc"
"5","year","year","year","year","educa","educa","educa","imc","imc","drink","educa","educa","educa","imc","imc","drink","imc","imc","drink","drink","educa","educa","educa","imc","imc","drink","imc","imc","drink","drink","imc","imc","drink","drink","drink","educa","educa","educa","imc","imc","drink","imc","imc","drink","drink","imc","imc","drink","drink","drink","imc","imc","drink","drink","drink","drink","educa","educa","educa","imc","imc","drink","imc","imc","drink","drink","imc","imc","drink","drink","drink","imc","imc","drink","drink","drink","drink","imc","imc","drink","drink","drink","drink","drink"
"6","educa","imc","drink","age","imc","drink","age","drink","age","age","imc","drink","age","drink","age","age","drink","age","age","age","imc","drink","age","drink","age","age","drink","age","age","age","drink","age","age","age","age","imc","drink","age","drink","age","age","drink","age","age","age","drink","age","age","age","age","drink","age","age","age","age","age","imc","drink","age","drink","age","age","drink","age","age","age","drink","age","age","age","age","drink","age","age","age","age","age","drink","age","age","age","age","age","age"
