"","V1","V2","V3","V4","V5","V6","V7","V8","V9"
"1","sex","sex","sex","sex","sex","sex","sex","sex","weight"
"2","weight","weight","weight","weight","weight","weight","weight","height","height"
"3","height","height","height","height","height","height","con_tab","con_tab","con_tab"
"4","con_tab","con_tab","con_tab","con_tab","con_tab","year","year","year","year"
"5","year","year","year","year","educa","educa","educa","educa","educa"
"6","educa","educa","educa","imc","imc","imc","imc","imc","imc"
"7","imc","imc","drink","drink","drink","drink","drink","drink","drink"
"8","drink","age","age","age","age","age","age","age","age"
