"","formula","aics","bics","acc"
"581",581,804.765184223228,856.295913227575,0.75875
"445",445,808.823902625187,860.354631629534,0.7525
"894",894,839.955612395325,882.117117944336,0.7525
"249",249,829.622983720785,876.469100997464,0.75125
"393",393,818.292212046887,865.138329323567,0.7475
"945",945,827.338800763156,874.184918039835,0.7475
"21",21,841.673396523319,888.519513799999,0.74625
"561",561,827.92157663138,874.767693908059,0.745
"216",216,860.586682662094,907.432799938773,0.745
"43",43,833.780765177417,875.942270726429,0.74375
"450",450,821.290048922071,868.13616619875,0.74
"716",716,811.961344330706,854.122849879717,0.73875
"205",205,830.537520171188,882.068249175535,0.73875
"632",632,833.497379826768,885.028108831116,0.7375
"826",826,837.677179324936,889.207908329284,0.7375
"229",229,845.204150759438,892.050268036117,0.7375
"206",206,833.70080337952,885.231532383867,0.73625
"856",856,843.625564730163,885.787070279175,0.73625
"137",137,820.850758798962,867.696876075642,0.735
"522",522,820.002908476842,871.53363748119,0.73375
"535",535,823.492164853258,875.022893857605,0.73375
"555",555,853.156451448547,900.002568725226,0.73375
"29",29,839.550321472305,891.081050476652,0.7325
"786",786,850.328344346535,901.859073350882,0.7325
"927",927,822.502324263892,869.348441540571,0.73125
"63",63,834.203621902439,885.734350906786,0.73125
"341",341,821.993418072845,873.524147077192,0.73
"685",685,834.011304431686,885.542033436033,0.73
"770",770,858.908987585952,905.755104862631,0.73
"241",241,827.728153413594,879.258882417941,0.72625
"430",430,848.718747061539,895.564864338218,0.72625
"744",744,904.736191157863,951.582308434542,0.72625
"892",892,841.428593450201,892.959322454549,0.725
"626",626,847.122222017822,898.65295102217,0.725
"178",178,847.396615165031,894.24273244171,0.725
"643",643,860.901730879042,912.432459883389,0.725
"373",373,879.551109186731,931.081838191078,0.725
"788",788,835.281771654777,886.812500659124,0.72375
"905",905,835.295657304904,882.141774581584,0.72375
"162",162,833.473014367734,885.003743372081,0.7225
"862",862,862.292082348309,913.822811352656,0.7225
"362",362,833.14719893328,884.677927937627,0.72125
"930",930,843.588486191573,895.11921519592,0.72125
"813",813,856.16990498301,907.700633987357,0.72125
"754",754,858.597276900079,910.128005904426,0.72125
"372",372,818.663223009423,865.509340286102,0.72
"107",107,840.720813051862,892.25154205621,0.72
"822",822,851.40077781107,902.931506815417,0.72
"698",698,809.4922334142,861.022962418547,0.71875
"121",121,835.662874999173,887.193604003521,0.71875
"665",665,856.60260101236,894.079494833703,0.71875
"677",677,858.212243314814,909.742972319161,0.71875
"960",960,858.464879133775,905.310996410455,0.71875
"336",336,837.242773729028,888.773502733375,0.7175
"173",173,845.023198964533,887.184704513544,0.7175
"486",486,958.680284963584,1005.52640224026,0.7175
"193",193,817.005092239919,868.535821244267,0.71625
"949",949,832.113824398155,883.644553402502,0.71625
"92",92,837.246140431913,888.77686943626,0.71625
"343",343,855.790839783761,897.952345332773,0.71625
"302",302,833.365102184469,880.211219461149,0.715
"891",891,846.904413160543,898.43514216489,0.715
"204",204,852.293554399026,899.139671675705,0.715
"959",959,858.936322802144,910.467051806492,0.715
"275",275,859.168691262669,906.014808539348,0.715
"254",254,867.595528355552,919.126257359899,0.715
"6",6,874.372950997064,921.219068273743,0.715
"656",656,893.190110545057,944.720839549404,0.715
"384",384,865.151794362617,916.682523366965,0.71375
"75",75,875.33870563249,926.869434636837,0.71375
"86",86,882.742880831949,929.588998108628,0.71375
"499",499,912.932090763084,964.462819767431,0.71375
"771",771,812.307660464535,863.838389468882,0.7125
"839",839,830.420107811833,881.95083681618,0.7125
"720",720,847.405616600852,894.251733877531,0.7125
"323",323,875.060554844196,926.591283848544,0.7125
"868",868,885.464038591214,927.625544140226,0.7125
"245",245,815.440494672055,866.971223676402,0.71125
"129",129,821.655039968859,868.501157245538,0.71125
"944",944,853.947625301747,905.478354306094,0.71125
"613",613,856.244762331317,903.090879607996,0.71125
"330",330,865.180102389109,916.710831393456,0.71125
"943",943,874.463094873404,921.309212150083,0.71125
"370",370,833.914505031192,885.445234035539,0.71
"518",518,892.453447825894,939.299565102573,0.70875
"506",506,838.266270891018,889.796999895365,0.7075
"423",423,863.7251056901,910.57122296678,0.7075
"880",880,909.301050522917,951.462556071928,0.7075
"264",264,823.910205547258,875.440934551605,0.70625
"164",164,826.970357845471,873.81647512215,0.70625
"887",887,828.404834848384,879.935563852731,0.70625
"443",443,839.262436040771,890.793165045118,0.70625
"175",175,849.41208843411,896.258205710789,0.70625
"140",140,850.792488871594,902.323217875941,0.70625
"306",306,863.582731294907,910.428848571586,0.70625
"672",672,868.136965534899,914.983082811578,0.70625
"614",614,879.182953735289,930.713682739636,0.70625
"575",575,883.055196953975,929.901314230654,0.70625
"970",970,891.591730575362,943.122459579709,0.70625
"604",604,898.946948819538,950.477677823885,0.70625
"755",755,802.989240596527,849.835357873206,0.705
"807",807,834.838021725216,881.684139001895,0.705
"19",19,835.582487600288,882.428604876967,0.705
"551",551,852.833424785567,899.679542062246,0.705
"10",10,862.763670304288,909.609787580967,0.705
"942",942,871.815185402132,913.976690951143,0.705
"924",924,828.419545530902,879.95027453525,0.70375
"233",233,851.624248619425,898.470365896104,0.70375
"155",155,855.348638848766,906.879367853113,0.70375
"424",424,873.742849191514,925.273578195861,0.70375
"419",419,923.457594653313,974.988323657661,0.70375
"150",150,830.935463144245,882.466192148592,0.7025
"747",747,848.703291287494,900.234020291841,0.7025
"909",909,850.573588898054,892.735094447065,0.7025
"180",180,836.319174235185,887.849903239532,0.70125
"756",756,838.760773251048,890.291502255395,0.70125
"686",686,846.901044243961,898.431773248308,0.70125
"138",138,854.271955076146,896.433460625158,0.70125
"556",556,867.174132133834,909.335637682846,0.70125
"606",606,872.569044980307,924.099773984654,0.70125
"896",896,886.901706164299,933.747823440978,0.70125
"622",622,900.791770022133,952.32249902648,0.70125
"666",666,930.549195896262,982.07992490061,0.70125
"485",485,846.410882535829,893.256999812508,0.7
"652",652,850.988012164843,902.518741169191,0.7
"865",865,861.062939155158,907.909056431838,0.7
"287",287,867.806221979014,914.652339255693,0.7
"422",422,890.584421839878,937.430539116557,0.7
"308",308,894.130901389728,936.292406938739,0.7
"22",22,862.275309669601,913.806038673948,0.69875
"355",355,867.312110088488,918.842839092836,0.69875
"312",312,876.030952730832,927.561681735179,0.69875
"452",452,879.096371556728,930.627100561075,0.69875
"324",324,888.140298823714,934.986416100393,0.69875
"727",727,907.784835751978,959.315564756325,0.69875
"844",844,957.003626496585,1008.53435550093,0.69875
"565",565,819.551967861361,866.398085138041,0.6975
"934",934,875.726548608793,922.572665885472,0.6975
"504",504,876.443957867787,923.290075144466,0.6975
"802",802,818.558360279615,870.089089283963,0.69625
"582",582,827.644783587593,874.490900864272,0.69625
"28",28,829.472480860197,876.318598136876,0.69625
"185",185,837.743727054926,884.589844331605,0.69625
"669",669,878.001702035527,929.532431039874,0.69625
"493",493,879.60604504707,931.136774051418,0.69625
"797",797,906.417546762917,948.579052311928,0.69625
"708",708,917.015117112924,963.861234389604,0.69625
"827",827,810.340116764583,861.87084576893,0.695
"495",495,850.665046403405,897.511163680084,0.695
"342",342,885.89204294348,937.422771947827,0.695
"819",819,889.135832969375,926.612726790719,0.695
"559",559,891.754953243206,943.285682247553,0.695
"73",73,896.92703524308,939.088540792091,0.695
"225",225,927.429548289293,974.275665565972,0.695
"987",987,933.139924229376,979.986041506055,0.695
"904",904,872.951439806534,924.482168810881,0.69375
"119",119,885.834349818852,932.680467095531,0.69375
"528",528,909.949791578008,956.795908854688,0.69375
"520",520,936.784882007268,974.261775828612,0.69375
"101",101,837.149709063692,883.995826340371,0.6925
"247",247,857.290541365389,904.136658642069,0.6925
"441",441,861.484204097685,913.014933102032,0.6925
"236",236,866.282182876122,917.812911880469,0.6925
"895",895,877.087152378871,923.93326965555,0.6925
"78",78,889.248001795128,936.094119071808,0.6925
"375",375,891.452808953086,942.983537957433,0.6925
"118",118,897.562808796699,949.093537801046,0.6925
"956",956,903.876311125749,955.407040130096,0.6925
"431",431,912.591186658249,954.752692207261,0.6925
"711",711,914.167303167865,961.013420444544,0.6925
"834",834,921.766060401822,968.612177678501,0.6925
"217",217,925.836399815128,972.682517091807,0.6925
"628",628,946.652987145442,988.814492694454,0.6925
"653",653,846.708504701502,893.554621978181,0.69125
"907",907,854.284432165116,905.815161169463,0.69125
"699",699,854.687306069395,906.218035073742,0.69125
"35",35,885.063971657924,936.594700662272,0.69125
"631",631,885.93023518711,932.776352463789,0.69125
"550",550,907.725849695265,959.256578699612,0.69125
"544",544,957.280294434597,1004.12641171128,0.69125
"331",331,857.717301583548,904.563418860227,0.69
"168",168,862.998026207308,909.844143483988,0.69
"257",257,869.768995387235,911.930500936246,0.69
"363",363,897.710454342231,949.241183346578,0.69
"776",776,907.612870845749,954.458988122428,0.69
"567",567,819.190858316528,866.036975593207,0.68875
"824",824,836.584081482018,888.114810486365,0.68875
"338",338,842.769326866043,894.30005587039,0.68875
"286",286,845.555489545677,897.086218550024,0.68875
"184",184,851.094858596646,897.940975873325,0.68875
"964",964,893.177771781551,944.708500785898,0.68875
"425",425,897.911858776395,949.442587780742,0.68875
"654",654,855.877418742381,902.72353601906,0.6875
"704",704,863.020028670146,914.550757674493,0.6875
"147",147,866.034043573354,912.880160850033,0.6875
"637",637,871.516598892958,918.362716169637,0.6875
"828",828,888.901981243972,931.063486792984,0.6875
"872",872,898.648538214507,950.179267218854,0.6875
"603",603,912.821026425705,959.667143702384,0.6875
"56",56,919.831423457236,966.677540733915,0.6875
"873",873,929.522405522465,976.368522799144,0.6875
"472",472,929.952179068471,976.798296345151,0.6875
"854",854,933.45250752021,984.983236524558,0.6875
"432",432,938.648471627247,985.494588903927,0.6875
"616",616,833.503904897682,880.350022174361,0.68625
"268",268,841.812637476405,888.658754753084,0.68625
"800",800,855.767991156681,902.61410843336,0.68625
"722",722,856.036362688846,902.882479965526,0.68625
"265",265,860.592042849329,912.122771853676,0.68625
"546",546,867.991547174474,914.837664451153,0.68625
"859",859,885.677939836455,937.208668840802,0.68625
"845",845,842.153082491863,888.999199768542,0.685
"284",284,842.730587585898,894.261316590245,0.685
"23",23,847.160510030421,894.0066273071,0.685
"967",967,854.726254063234,896.887759612245,0.685
"435",435,867.502397463601,914.348514740281,0.685
"416",416,937.794601347413,979.956106896424,0.685
"910",910,825.995630928743,877.52635993309,0.68375
"440",440,843.987581646346,895.518310650694,0.68375
"831",831,843.993018615965,890.839135892644,0.68375
"702",702,857.697338936626,904.543456213305,0.68375
"134",134,869.618592245419,916.464709522098,0.68375
"340",340,871.324440954746,918.170558231426,0.68375
"325",325,883.314687238283,930.160804514962,0.68375
"139",139,888.62526678629,930.786772335302,0.68375
"277",277,901.47906191388,948.325179190559,0.68375
"477",477,938.438989820565,980.600495369576,0.68375
"962",962,943.872141485206,995.402870489553,0.68375
"429",429,832.987092867652,884.517821871999,0.6825
"207",207,851.736487093004,898.582604369683,0.6825
"766",766,865.355734730103,916.88646373445,0.6825
"339",339,890.856592445967,937.702709722646,0.6825
"365",365,916.319370641455,963.165487918134,0.6825
"690",690,838.945199421266,885.791316697945,0.68125
"253",253,843.116148066897,894.646877071244,0.68125
"764",764,858.28567738742,909.816406391767,0.68125
"158",158,866.986619426954,918.517348431302,0.68125
"200",200,867.828627615157,914.674744891837,0.68125
"227",227,902.142898868691,953.673627873038,0.68125
"532",532,907.661599365268,949.823104914279,0.68125
"745",745,921.65538614316,968.50150341984,0.68125
"718",718,933.520193221623,975.681698770634,0.68125
"301",301,849.138369977769,895.984487254448,0.68
"739",739,856.776842650014,908.307571654361,0.68
"176",176,859.493031989367,911.023760993714,0.68
"585",585,863.408557395564,910.254674672243,0.68
"715",715,864.214717681682,915.74544668603,0.68
"72",72,870.933944246983,917.780061523663,0.68
"320",320,872.40358289678,923.934311901128,0.68
"389",389,897.050323466692,943.896440743371,0.68
"816",816,901.497081771136,953.027810775483,0.68
"402",402,933.969489714238,980.815606990917,0.68
"646",646,839.796835148771,886.64295242545,0.67875
"917",917,841.166161884822,892.696890889169,0.67875
"85",85,849.9785993411,901.509328345447,0.67875
"955",955,854.798372158699,906.329101163046,0.67875
"847",847,870.259623007392,921.790352011739,0.67875
"212",212,887.392535321329,938.923264325676,0.67875
"761",761,910.690349746732,962.221078751079,0.67875
"461",461,839.302202272271,886.14831954895,0.6775
"577",577,843.575367524988,890.421484801667,0.6775
"982",982,847.740186274121,899.270915278468,0.6775
"145",145,859.793344611712,911.324073616059,0.6775
"371",371,860.719074355282,907.565191631961,0.6775
"723",723,867.60944372646,919.140172730807,0.6775
"624",624,869.453814301029,920.984543305376,0.6775
"792",792,870.994184282969,917.840301559648,0.6775
"618",618,874.429483794795,925.960212799143,0.6775
"69",69,874.901270196582,926.43199920093,0.6775
"974",974,909.927778578729,961.458507583076,0.6775
"599",599,927.658519719239,974.504636995918,0.6775
"911",911,954.333502281605,1001.17961955828,0.6775
"527",527,960.328246975199,1002.48975252421,0.6775
"42",42,848.346048104508,899.876777108855,0.67625
"763",763,866.56070402684,904.037597848184,0.67625
"411",411,873.564197986707,920.410315263387,0.67625
"113",113,875.498761830936,927.029490835284,0.67625
"232",232,883.246084294681,934.776813299028,0.67625
"799",799,886.326433023501,937.857162027848,0.67625
"417",417,895.966701989795,942.812819266474,0.67625
"446",446,897.503373827407,944.349491104087,0.67625
"742",742,912.060996240827,963.591725245174,0.67625
"242",242,917.941799212489,969.472528216836,0.67625
"806",806,922.02986779021,973.560596794557,0.67625
"462",462,931.375709005387,978.221826282067,0.67625
"502",502,947.208005299066,994.054122575745,0.67625
"526",526,971.891794852919,1009.36868867426,0.67625
"779",779,841.333395689311,892.864124693659,0.675
"926",926,842.240095199033,889.086212475713,0.675
"317",317,843.535580858747,890.381698135426,0.675
"586",586,865.510061212759,917.040790217106,0.675
"169",169,884.557407960709,931.403525237389,0.675
"65",65,889.574438873761,941.105167878108,0.675
"468",468,907.695565277569,959.226294281916,0.675
"235",235,916.188108245622,967.718837249969,0.675
"760",760,843.699152368495,895.229881372843,0.67375
"475",475,863.357255478729,910.203372755409,0.67375
"717",717,899.725137986173,951.25586699052,0.67375
"681",681,848.238355198751,895.084472475431,0.6725
"394",394,850.545563297324,902.076292301671,0.6725
"358",358,859.197184297669,910.727913302016,0.6725
"899",899,861.467771311397,912.998500315745,0.6725
"874",874,892.498970365588,939.345087642267,0.6725
"564",564,899.853924886749,951.384653891096,0.6725
"124",124,904.011838503818,946.173344052829,0.6725
"412",412,907.799739510694,954.645856787374,0.6725
"192",192,915.399273939522,966.930002943869,0.6725
"67",67,917.373287662392,964.219404939072,0.6725
"496",496,917.912119468978,964.758236745658,0.6725
"787",787,922.195826701539,973.726555705886,0.6725
"775",775,922.994892586663,974.52562159101,0.6725
"521",521,886.470007494035,933.316124770715,0.67125
"737",737,888.498931338562,935.345048615242,0.67125
"231",231,895.190013635013,942.036130911692,0.67125
"50",50,897.450826703522,948.981555707869,0.67125
"108",108,908.67514173187,960.205870736217,0.67125
"84",84,910.012548668224,961.543277672572,0.67125
"597",597,916.381068036488,967.911797040835,0.67125
"548",548,946.257902612229,988.41940816124,0.67125
"660",660,837.886293127516,889.417022131863,0.67
"94",94,847.367161725506,898.897890729853,0.67
"53",53,879.339641830811,930.870370835159,0.67
"436",436,883.24305053126,934.773779535607,0.67
"598",598,883.910671233208,930.756788509888,0.67
"906",906,925.710411062693,972.556528339372,0.67
"376",376,933.0854523219,984.616181326247,0.67
"954",954,825.117110788925,876.647839793272,0.66875
"553",553,860.882485794093,912.413214798441,0.66875
"33",33,868.444480367549,910.60598591656,0.66875
"26",26,873.187993158052,915.349498707063,0.66875
"893",893,884.625068508836,936.155797513183,0.66875
"592",592,909.509759212226,956.355876488905,0.66875
"259",259,919.504419941002,961.665925490013,0.66875
"391",391,921.445928458892,972.976657463239,0.66875
"81",81,935.45936532194,977.620870870951,0.66875
"110",110,849.822752055931,901.353481060279,0.6675
"531",531,859.988386727778,906.834504004457,0.6675
"357",357,861.245430860037,912.776159864384,0.6675
"611",611,861.772541453758,913.303270458105,0.6675
"146",146,863.883194897915,910.729312174594,0.6675
"971",971,893.794484768827,940.640602045506,0.6675
"47",47,905.888597520145,957.419326524492,0.6675
"128",128,918.616384308801,965.46250158548,0.6675
"326",326,919.280711519709,966.126828796389,0.6675
"936",936,921.786458956798,963.947964505809,0.6675
"208",208,922.752592365563,969.598709642243,0.6675
"902",902,924.20331869366,966.364824242672,0.6675
"111",111,938.271363427925,985.117480704604,0.6675
"161",161,839.140876952052,885.986994228731,0.66625
"494",494,844.300830706808,895.831559711156,0.66625
"623",623,854.363650273776,896.525155822787,0.66625
"381",381,857.904152687036,904.750269963715,0.66625
"183",183,860.595798959948,907.441916236627,0.66625
"39",39,881.635179561734,923.796685110745,0.66625
"406",406,885.433029714778,936.963758719125,0.66625
"736",736,897.796809538967,949.327538543314,0.66625
"918",918,907.930208705642,950.091714254653,0.66625
"663",663,911.383579553108,958.229696829787,0.66625
"292",292,937.160460662593,984.006577939272,0.66625
"38",38,947.349838605087,994.195955881766,0.66625
"850",850,847.056204583084,898.586933587432,0.665
"975",975,872.000697427215,923.531426431562,0.665
"729",729,884.602978824733,931.449096101412,0.665
"791",791,887.367031430706,938.897760435053,0.665
"607",607,899.831836039379,951.362565043727,0.665
"400",400,917.243064190002,964.089181466681,0.665
"211",211,941.976166231145,993.506895235493,0.665
"594",594,942.554659780525,984.716165329537,0.665
"818",818,949.060296699268,995.906413975947,0.665
"132",132,858.886369681977,905.732486958657,0.66375
"587",587,886.568372953121,938.099101957469,0.66375
"332",332,888.05315360205,934.899270878729,0.66375
"595",595,912.163636360583,954.325141909595,0.66375
"554",554,918.348242827915,969.878971832262,0.66375
"117",117,945.836658282784,992.682775559463,0.66375
"815",815,826.453019983613,868.614525532625,0.6625
"309",309,841.751166745798,893.281895750146,0.6625
"202",202,846.540339545454,888.701845094466,0.6625
"444",444,860.553102756743,912.08383176109,0.6625
"734",734,877.068302783716,919.229808332727,0.6625
"840",840,877.388121380564,928.918850384911,0.6625
"508",508,891.825562147669,943.356291152016,0.6625
"189",189,892.03320938885,943.563938393197,0.6625
"194",194,923.458135700404,970.304252977084,0.6625
"706",706,926.647254270538,978.177983274885,0.6625
"795",795,927.379806146045,969.541311695056,0.6625
"867",867,874.965586492788,921.811703769467,0.66125
"407",407,886.571340213616,933.417457490295,0.66125
"884",884,901.512477503452,948.358594780131,0.66125
"171",171,909.430421689812,956.276538966491,0.66125
"215",215,931.799969384044,983.330698388391,0.66125
"608",608,949.870584575479,992.03209012449,0.66125
"237",237,951.796375893821,1003.32710489817,0.66125
"144",144,961.783215399819,1003.94472094883,0.66125
"333",333,833.922144880338,880.768262157018,0.66
"997",997,862.914185869657,914.444914874005,0.66
"221",221,867.683710654477,909.845216203488,0.66
"876",876,868.409191734194,915.255309010873,0.66
"364",364,880.795768175289,932.326497179637,0.66
"90",90,885.54039016727,937.071119171617,0.66
"109",109,891.959615036589,943.490344040936,0.66
"31",31,894.468173541261,941.31429081794,0.66
"353",353,901.006483738743,952.53721274309,0.66
"852",852,927.680306449839,979.211035454186,0.66
"196",196,950.76761567787,997.613732954549,0.66
"566",566,967.538267656603,1014.38438493328,0.66
"639",639,846.07859435092,892.924711627599,0.65875
"972",972,874.022630448805,920.868747725484,0.65875
"662",662,877.852588617252,929.3833176216,0.65875
"321",321,881.497343358274,933.028072362622,0.65875
"507",507,884.117440354377,930.963557631057,0.65875
"805",805,891.964461457149,934.125967006161,0.65875
"378",378,901.454471282735,943.615976831746,0.65875
"421",421,908.212973080468,959.743702084815,0.65875
"731",731,928.063837501927,974.909954778607,0.65875
"151",151,932.447315591683,974.608821140694,0.65875
"380",380,935.880534467651,982.72665174433,0.65875
"276",276,942.601929282784,994.132658287131,0.65875
"693",693,849.617777847798,901.148506852145,0.6575
"641",641,858.296936924982,905.143054201662,0.6575
"820",820,867.139908872817,918.670637877164,0.6575
"861",861,873.407860484946,920.253977761625,0.6575
"515",515,888.760406085318,940.291135089665,0.6575
"4",4,897.534796408373,949.06552541272,0.6575
"455",455,905.387291125399,952.233408402079,0.6575
"935",935,909.322307240317,960.853036244665,0.6575
"305",305,913.00402587153,959.850143148209,0.6575
"269",269,913.981125787623,965.51185479197,0.6575
"695",695,933.539972213369,980.386089490048,0.6575
"5",5,871.376962259373,922.907691263721,0.65625
"921",921,873.38882973966,915.550335288671,0.65625
"213",213,873.451517051888,920.297634328567,0.65625
"492",492,876.08320638993,922.929323666609,0.65625
"783",783,877.987281654152,929.518010658499,0.65625
"675",675,885.833192241817,937.363921246164,0.65625
"36",36,899.482085178654,951.012814183001,0.65625
"160",160,900.281406081488,951.812135085835,0.65625
"705",705,904.42507166213,955.955800666477,0.65625
"784",784,932.219840312278,979.065957588957,0.65625
"505",505,934.976857157614,981.822974434293,0.65625
"458",458,946.867472417695,989.028977966706,0.65625
"307",307,856.886334667213,908.417063671561,0.655
"778",778,866.436961339303,917.96769034365,0.655
"295",295,870.849074331808,913.010579880819,0.655
"549",549,895.378116209449,942.224233486128,0.655
"258",258,913.605772382623,965.13650138697,0.655
"488",488,914.333503060184,965.864232064531,0.655
"966",966,934.703995168418,981.550112445098,0.655
"12",12,951.27219730542,998.118314582099,0.655
"383",383,866.244731117334,913.090848394013,0.65375
"66",66,869.911612431119,921.442341435466,0.65375
"156",156,873.93207130661,920.778188583289,0.65375
"916",916,875.657234084368,922.503351361047,0.65375
"569",569,904.503952922642,951.350070199322,0.65375
"946",946,920.376763597801,971.907492602148,0.65375
"560",560,926.168086486678,973.014203763357,0.65375
"220",220,935.693035918123,977.854541467134,0.65375
"234",234,936.751858264615,983.597975541295,0.65375
"11",11,950.564697424011,997.41081470069,0.65375
"664",664,960.803034908057,1007.64915218474,0.65375
"986",986,848.463009091865,895.309126368544,0.6525
"749",749,905.417451694027,952.263568970706,0.6525
"405",405,905.752017384457,957.282746388804,0.6525
"349",349,910.388682118155,961.919411122503,0.6525
"454",454,913.660696409896,960.506813686575,0.6525
"525",525,927.106287413717,973.952404690396,0.6525
"694",694,954.732831729611,1006.26356073396,0.6525
"627",627,854.246355304023,901.092472580702,0.65125
"239",239,860.515095724741,902.676601273752,0.65125
"901",901,863.348353340412,914.879082344759,0.65125
"849",849,864.987533079445,916.518262083792,0.65125
"395",395,912.014789413246,958.860906689925,0.65125
"583",583,915.896282100547,962.742399377226,0.65125
"803",803,922.554471708193,974.085200712541,0.65125
"543",543,923.249408093323,965.410913642334,0.65125
"651",651,843.432814273934,890.278931550613,0.65
"746",746,872.709319664436,919.555436941115,0.65
"743",743,879.765962097087,926.612079373766,0.65
"780",780,884.760966145128,926.922471694139,0.65
"404",404,897.784007947461,949.314736951808,0.65
"347",347,900.146209341056,946.992326617736,0.65
"61",61,913.074061714911,959.92017899159,0.65
"635",635,939.116808834211,985.96292611089,0.65
"115",115,961.801331955481,1013.33206095983,0.65
"903",903,836.257342463455,887.788071467802,0.64875
"510",510,855.059341244783,906.59007024913,0.64875
"361",361,861.000357234548,912.531086238895,0.64875
"159",159,898.675819399991,950.206548404339,0.64875
"676",676,900.6260612069,952.156790211247,0.64875
"914",914,900.895720466586,947.741837743266,0.64875
"219",219,901.999645951876,953.530374956223,0.64875
"8",8,924.148560616476,975.679289620823,0.64875
"48",48,953.877453698729,1000.72357097541,0.64875
"479",479,959.309110895352,1010.8398398997,0.64875
"659",659,849.567019859973,896.413137136653,0.6475
"667",667,865.303106485716,912.149223762395,0.6475
"280",280,890.606764003504,942.137493007851,0.6475
"252",252,891.382413219347,942.913142223695,0.6475
"230",230,897.301898023865,948.832627028212,0.6475
"842",842,904.821637740832,956.352366745179,0.6475
"990",990,926.837483852639,968.998989401651,0.6475
"274",274,929.340583017094,966.817476838437,0.6475
"410",410,931.65805104385,978.504168320529,0.6475
"768",768,940.413258957204,987.259376233883,0.6475
"209",209,944.847097539823,996.37782654417,0.6475
"578",578,867.807378364436,919.338107368783,0.64625
"638",638,874.059118963276,920.905236239955,0.64625
"296",296,879.330494468442,926.176611745122,0.64625
"473",473,881.086749373196,932.617478377543,0.64625
"270",270,901.561959283608,943.72346483262,0.64625
"691",691,918.047136557957,964.893253834636,0.64625
"64",64,927.350168821817,969.511674370828,0.64625
"98",98,940.226183041232,982.387688590244,0.64625
"126",126,946.3955910645,988.557096613511,0.64625
"833",833,949.633648673281,1001.16437767763,0.64625
"350",350,843.578193576176,895.108922580523,0.645
"558",558,861.460279233468,908.306396510148,0.645
"141",141,871.638590160967,918.484707437646,0.645
"996",996,881.894240499421,933.424969503769,0.645
"682",682,893.381725956512,944.912454960859,0.645
"122",122,895.761870170364,947.292599174712,0.645
"152",152,915.502761809008,962.348879085687,0.645
"100",100,916.890492216795,959.051997765806,0.645
"584",584,920.591659579618,967.437776856298,0.645
"285",285,922.017759216718,968.863876493397,0.645
"879",879,932.341793943818,974.50329949283,0.645
"678",678,948.27551084344,995.121628120119,0.645
"272",272,951.347493485001,1002.87822248935,0.645
"414",414,858.903183264922,905.749300541601,0.64375
"644",644,867.840261830105,919.370990834453,0.64375
"882",882,875.404043455804,917.565549004815,0.64375
"538",538,896.246053777293,943.092171053972,0.64375
"985",985,918.976252207708,965.822369484387,0.64375
"920",920,922.853552139517,969.699669416196,0.64375
"130",130,925.496622196557,972.342739473237,0.64375
"203",203,934.92278046081,981.768897737489,0.64375
"709",709,944.356903585598,991.203020862277,0.64375
"91",91,946.846880267017,993.692997543696,0.64375
"191",191,871.640346138675,923.171075143022,0.6425
"750",750,884.805177301551,931.65129457823,0.6425
"958",958,901.34981277544,952.880541779788,0.6425
"58",58,902.575070385156,954.105799389504,0.6425
"636",636,905.359320296686,956.890049301033,0.6425
"89",89,910.111551057761,961.642280062108,0.6425
"908",908,910.662818514007,957.508935790687,0.6425
"282",282,939.772857553907,986.618974830586,0.6425
"2",2,968.651140341762,1020.18186934611,0.6425
"483",483,875.023495067749,926.554224072096,0.64125
"418",418,881.330094200744,928.176211477423,0.64125
"963",963,881.88735357742,928.733470854099,0.64125
"463",463,886.73089550967,933.577012786349,0.64125
"15",15,905.124042082434,951.970159359113,0.64125
"668",668,910.262033104807,961.792762109154,0.64125
"707",707,911.428139643445,962.958868647792,0.64125
"995",995,911.99845822025,958.844575496929,0.64125
"76",76,924.756025075481,976.286754079828,0.64125
"59",59,927.980321048849,979.511050053196,0.64125
"542",542,941.190633083564,992.721362087911,0.64125
"9",9,946.732385372705,993.578502649384,0.64125
"897",897,955.241438933372,1002.08755621005,0.64125
"386",386,875.719042925612,922.565160202292,0.64
"428",428,906.859269878468,949.020775427479,0.64
"387",387,909.645080098479,956.491197375158,0.64
"453",453,912.560372266068,959.406489542748,0.64
"537",537,913.698983569691,960.54510084637,0.64
"1",1,929.948814215583,976.794931492262,0.64
"570",570,866.027013753357,917.557742757704,0.63875
"427",427,900.033032982131,951.563761986478,0.63875
"102",102,900.695782480308,942.857288029319,0.63875
"397",397,912.547559189751,964.078288194098,0.63875
"281",281,914.360061559549,965.890790563896,0.63875
"596",596,925.513250972,972.359368248679,0.63875
"279",279,928.014733819004,974.860851095683,0.63875
"913",913,933.55396703241,980.40008430909,0.63875
"354",354,935.03391045209,986.564639456438,0.63875
"228",228,935.703415838207,987.234144842554,0.63875
"980",980,948.914073890874,1000.44480289522,0.63875
"195",195,875.627512303704,927.158241308052,0.6375
"679",679,875.91021879198,927.440947796327,0.6375
"539",539,878.964616387993,930.49534539234,0.6375
"837",837,881.447024640533,932.97775364488,0.6375
"327",327,883.95630746392,935.487036468267,0.6375
"369",369,892.82469636737,939.670813644049,0.6375
"298",298,895.926487729061,938.087993278073,0.6375
"451",451,916.184794002318,958.34629955133,0.6375
"271",271,920.356932479861,967.20304975654,0.6375
"858",858,956.484910386248,1008.0156393906,0.6375
"40",40,864.667102080695,911.513219357374,0.63625
"801",801,865.255394033036,912.101511309716,0.63625
"77",77,866.635113522756,913.481230799436,0.63625
"810",810,872.160326802981,923.691055807328,0.63625
"60",60,897.621628437391,944.46774571407,0.63625
"940",940,911.175533629277,962.706262633624,0.63625
"388",388,927.172010711595,978.702739715943,0.63625
"186",186,932.299804614345,983.830533618692,0.63625
"534",534,959.092434371507,1005.93855164819,0.63625
"658",658,847.01133682319,893.85745409987,0.635
"71",71,870.505659792382,912.667165341393,0.635
"928",928,906.875857451424,958.406586455771,0.635
"621",621,912.680547513455,964.211276517802,0.635
"812",812,921.611938430249,968.458055706929,0.635
"83",83,926.420607969692,977.951336974039,0.635
"647",647,928.435349699204,975.281466975884,0.635
"978",978,930.721803767281,982.252532771628,0.635
"700",700,936.918421837337,988.449150841685,0.635
"46",46,947.542298453425,999.073027457772,0.635
"288",288,961.221135566912,1008.06725284359,0.635
"51",51,862.695343198108,914.226072202455,0.63375
"166",166,883.60807840692,930.454195683599,0.63375
"426",426,902.240106122143,944.401611671155,0.63375
"794",794,927.796470869471,979.327199873818,0.63375
"399",399,936.66841816053,978.829923709541,0.63375
"337",337,940.868728431004,992.399457435351,0.63375
"294",294,848.498640852753,900.0293698571,0.6325
"811",811,871.642127174327,918.488244451006,0.6325
"474",474,872.89738474242,924.428113746767,0.6325
"449",449,887.807737145823,934.653854422502,0.6325
"95",95,895.321454695349,946.852183699696,0.6325
"661",661,899.900792147187,951.431521151534,0.6325
"728",728,905.595522845106,957.126251849454,0.6325
"939",939,909.972460549162,956.818577825841,0.6325
"88",88,911.678765062458,958.524882339137,0.6325
"293",293,919.570692968348,971.101421972695,0.6325
"912",912,923.002814851179,974.533543855526,0.6325
"713",713,923.988052276976,975.518781281323,0.6325
"798",798,926.113226299399,977.643955303746,0.6325
"30",30,944.360522064071,986.522027613082,0.6325
"988",988,955.262709852324,1002.108827129,0.6325
"105",105,967.357640896089,1009.5191464451,0.6325
"457",457,971.485236060526,1018.3313533372,0.6325
"714",714,874.362669814082,921.208787090761,0.63125
"359",359,880.97106193835,923.132567487361,0.63125
"649",649,903.496593789902,955.027322794249,0.63125
"670",670,904.587813323392,951.433930600071,0.63125
"885",885,922.405777147138,969.251894423817,0.63125
"149",149,934.799076796835,986.329805801183,0.63125
"133",133,937.270372835784,984.116490112464,0.63125
"952",952,943.337394559828,990.183511836507,0.63125
"981",981,949.342681500148,996.188798776827,0.63125
"838",838,956.459672389908,1007.99040139426,0.63125
"20",20,871.000353308572,922.53108231292,0.63
"825",825,883.034227880994,934.564956885342,0.63
"991",991,892.746730724746,939.592848001425,0.63
"767",767,907.5187664207,954.36488369738,0.63
"869",869,913.1211772905,964.651906294847,0.63
"116",116,922.25258434446,969.09870162114,0.63
"177",177,930.407257318982,981.93798632333,0.63
"434",434,942.922413598732,989.768530875411,0.63
"13",13,954.814521268757,1001.66063854544,0.63
"408",408,955.087225786157,1001.93334306284,0.63
"877",877,872.075532585396,923.606261589743,0.62875
"377",377,878.138830079697,929.669559084044,0.62875
"540",540,916.047711451343,967.57844045569,0.62875
"501",501,938.521130624442,990.051859628789,0.62875
"748",748,941.627553901465,988.473671178144,0.62875
"673",673,943.609356071301,990.455473347981,0.62875
"922",922,950.297638646211,1001.82836765056,0.62875
"762",762,878.96530578284,930.496034787188,0.6275
"190",190,903.047955838838,954.578684843185,0.6275
"576",576,906.012518345833,952.858635622513,0.6275
"841",841,913.976479146743,965.50720815109,0.6275
"18",18,916.563892913815,963.410010190494,0.6275
"32",32,917.880658046462,969.411387050809,0.6275
"366",366,921.765666220643,973.296395224991,0.6275
"923",923,923.275925652064,974.806654656411,0.6275
"266",266,935.892087278211,982.73820455489,0.6275
"751",751,940.438194750411,991.968923754758,0.6275
"932",932,940.878166940274,987.724284216953,0.6275
"511",511,960.070006376956,1011.6007353813,0.6275
"112",112,878.05361271995,929.584341724297,0.62625
"785",785,888.328636726079,930.490142275091,0.62625
"360",360,900.016578712051,951.547307716398,0.62625
"738",738,910.851943474291,962.382672478638,0.62625
"823",823,939.048141246425,981.209646795436,0.62625
"735",735,920.314987866896,971.845716871243,0.625
"509",509,928.48312987228,980.013858876627,0.625
"630",630,940.188199503383,991.718928507731,0.625
"289",289,949.509257768149,996.355375044829,0.625
"552",552,882.953207879272,934.483936883619,0.62375
"625",625,893.815766180487,945.346495184834,0.62375
"1000",1000,898.188755737913,945.034873014592,0.62375
"692",692,899.890133010517,951.420862014864,0.62375
"832",832,912.830602652781,964.361331657128,0.62375
"181",181,930.752492946774,972.913998495785,0.62375
"973",973,933.764332031023,980.610449307702,0.62375
"937",937,945.055025787797,991.901143064476,0.62375
"915",915,947.273169190363,994.119286467042,0.62375
"136",136,871.322549638348,922.853278642695,0.6225
"261",261,890.859588675604,942.390317679951,0.6225
"870",870,892.777352471897,939.623469748577,0.6225
"732",732,897.443260351941,944.28937762862,0.6225
"855",855,901.844331764017,948.690449040696,0.6225
"385",385,903.997116837795,950.843234114474,0.6225
"701",701,906.072826643986,952.918943920665,0.6225
"262",262,906.601282265293,953.447399541972,0.6225
"447",447,909.535073294055,956.381190570734,0.6225
"650",650,910.371957899338,957.218075176017,0.6225
"545",545,919.196887335535,970.727616339883,0.6225
"135",135,941.462254172468,992.992983176815,0.6225
"218",218,944.822070841872,996.352799846219,0.6225
"351",351,964.980164984652,1011.82628226133,0.6225
"52",52,893.989918451043,940.836035727722,0.62125
"127",127,926.638376835241,973.48449411192,0.62125
"199",199,927.93121082492,979.461939829267,0.62125
"562",562,928.229216309071,975.075333585751,0.62125
"573",573,928.388149464681,975.23426674136,0.62125
"929",929,941.732145376833,993.26287438118,0.62125
"817",817,943.826091158422,981.302984979766,0.62125
"979",979,957.512419924195,1009.04314892854,0.62125
"74",74,890.42177297441,937.26789025109,0.62
"941",941,900.057956182971,951.588685187318,0.62
"863",863,917.946126977779,964.792244254458,0.62
"97",97,922.437874946249,969.283992222928,0.62
"263",263,929.537388708044,976.383505984724,0.62
"79",79,942.483438031084,984.644943580095,0.62
"482",482,943.826298562077,990.672415838756,0.62
"392",392,947.456641089634,994.302758366314,0.62
"476",476,949.468159085019,991.629664634031,0.62
"201",201,951.43942727582,993.600932824831,0.62
"25",25,952.389595808192,999.235713084871,0.62
"335",335,873.260501356948,915.422006905959,0.61875
"648",648,878.114111943447,929.644840947794,0.61875
"726",726,878.216011678518,929.746740682865,0.61875
"765",765,898.253444649627,945.099561926306,0.61875
"172",172,915.696097030918,967.226826035265,0.61875
"984",984,929.109194867586,975.955312144266,0.61875
"601",601,932.258309380678,979.104426657357,0.61875
"809",809,933.184119193028,975.345624742039,0.61875
"379",379,943.283435069941,990.12955234662,0.61875
"54",54,943.913276755123,990.759394031802,0.61875
"740",740,945.974675654811,992.82079293149,0.61875
"591",591,892.13247719786,943.663206202207,0.6175
"796",796,916.031927499389,967.562656503736,0.6175
"514",514,941.499162239395,993.029891243742,0.6175
"243",243,949.919261785958,996.765379062637,0.6175
"328",328,877.425358459516,924.271475736195,0.61625
"524",524,911.761329201517,958.607446478196,0.61625
"179",179,922.182388934543,973.713117938891,0.61625
"683",683,923.845527240059,975.376256244406,0.61625
"688",688,935.128428044045,986.659157048393,0.61625
"131",131,937.633700389174,989.164429393521,0.61625
"188",188,941.867166360239,984.028671909251,0.61625
"170",170,947.466608503418,998.997337507765,0.61625
"315",315,955.096709584508,1006.62743858885,0.61625
"563",563,968.190919148394,1019.72164815274,0.61625
"80",80,896.301390113856,933.778283935199,0.615
"345",345,902.085458730814,948.931576007493,0.615
"153",153,910.612958894332,957.459076171011,0.615
"68",68,916.142873344954,962.988990621634,0.615
"793",793,919.504915834865,966.351033111545,0.615
"291",291,920.536371642764,967.382488919444,0.615
"517",517,937.896552395125,989.427281399473,0.615
"605",605,943.643982658876,990.490099935555,0.615
"769",769,944.171763474065,991.017880750744,0.615
"489",489,911.030374493923,962.56110349827,0.61375
"248",248,911.082437164082,962.613166168429,0.61375
"304",304,915.68553312199,957.847038671002,0.61375
"886",886,923.957681321167,970.803798597846,0.61375
"267",267,924.097589616625,970.943706893304,0.61375
"224",224,924.228449417471,975.759178421818,0.61375
"948",948,943.131086726115,985.292592275127,0.61375
"781",781,943.907554034073,995.43828303842,0.61375
"41",41,887.157734219063,934.003851495742,0.6125
"157",157,887.517179288646,934.363296565325,0.6125
"57",57,905.880737919189,952.726855195868,0.6125
"864",864,911.550596589395,963.081325593742,0.6125
"848",848,926.252823685537,968.414329234548,0.6125
"883",883,953.308644516868,1000.15476179355,0.6125
"689",689,963.842926305865,1015.37365531021,0.6125
"878",878,922.164212260549,969.010329537228,0.61125
"251",251,950.793202612386,1002.32393161673,0.61125
"481",481,917.819935921852,964.666053198532,0.61
"480",480,933.586099560595,980.432216837274,0.61
"733",733,935.303113953307,986.833842957654,0.61
"875",875,939.35806111976,986.204178396439,0.61
"246",246,941.436829889697,992.967558894044,0.61
"368",368,953.709236285336,1000.55535356202,0.61
"976",976,971.39356094511,1022.92428994946,0.61
"579",579,902.754989982039,944.916495531051,0.60875
"919",919,920.740473959562,967.586591236241,0.60875
"774",774,934.589353007067,976.750858556078,0.60875
"933",933,937.382150341799,988.912879346146,0.60875
"348",348,978.096533291734,1020.25803884075,0.60875
"34",34,917.659702319181,969.190431323528,0.6075
"513",513,912.879412503314,964.410141507661,0.60625
"968",968,921.030227641258,972.560956645605,0.60625
"70",70,940.615658137345,982.777163686356,0.60625
"989",989,943.770675482724,995.301404487071,0.60625
"478",478,953.048927021771,995.210432570782,0.60625
"123",123,957.329352870083,1004.17547014676,0.60625
"602",602,939.47125481533,981.632760364341,0.605
"413",413,950.696192080627,1002.22692108497,0.605
"680",680,967.050623814133,1009.21212936314,0.605
"14",14,903.452034712156,945.613540261167,0.60375
"37",37,923.093164673573,969.939281950253,0.60375
"953",953,946.822354821909,993.668472098588,0.60375
"24",24,950.030606931906,996.876724208585,0.60375
"969",969,902.009048172397,953.539777176744,0.6025
"470",470,924.575002332674,976.105731337021,0.6025
"961",961,940.05277735906,986.898894635739,0.6025
"316",316,930.947616441801,982.478345446148,0.60125
"629",629,939.354778580304,990.885507584651,0.60125
"541",541,946.467692105255,993.313809381934,0.60125
"398",398,948.687723683115,1000.21845268746,0.60125
"356",356,893.693454333972,940.539571610651,0.6
"498",498,919.036635226906,965.882752503585,0.6
"645",645,923.949195446418,975.479924450765,0.6
"214",214,924.868389549798,976.399118554145,0.6
"519",519,940.319921735295,991.850650739642,0.6
"313",313,957.95847794246,1004.80459521914,0.6
"311",311,959.840419927473,1011.37114893182,0.6
"491",491,961.265795472955,1008.11191274963,0.6
"439",439,899.014125915665,950.544854920012,0.59875
"103",103,921.473751169049,968.319868445728,0.59875
"568",568,921.480766102859,973.011495107206,0.59875
"741",741,925.018181387807,976.548910392154,0.59875
"950",950,926.036814795173,972.882932071852,0.59875
"782",782,927.595763682643,974.441880959322,0.59875
"16",16,941.174596718358,992.705325722705,0.59875
"223",223,888.769024862109,940.299753866457,0.5975
"96",96,906.4317308738,957.962459878148,0.5975
"759",759,914.81209082214,956.973596371151,0.5975
"642",642,918.444750498867,965.290867775546,0.5975
"226",226,920.362011035282,971.892740039629,0.5975
"469",469,920.860038462913,963.021544011924,0.5975
"830",830,930.526544151066,977.372661427745,0.5975
"3",3,912.153588958623,963.684317962971,0.59625
"829",829,919.853489898736,971.384218903084,0.59625
"853",853,931.913798004884,983.444527009232,0.59625
"165",165,936.99404971164,988.524778715988,0.59625
"374",374,937.624695161542,989.155424165889,0.59625
"299",299,944.259844044558,991.105961321237,0.59625
"634",634,945.071357574448,991.917474851127,0.59625
"657",657,975.401740362587,1017.5632459116,0.59625
"148",148,885.244865554015,932.090982830694,0.595
"571",571,924.884540592409,967.046046141421,0.595
"512",512,965.113330058435,1016.64405906278,0.595
"396",396,913.963434830691,960.809552107371,0.59375
"415",415,916.998867688787,959.160373237798,0.59375
"600",600,920.502468413244,972.033197417592,0.59375
"273",273,919.108095915313,961.269601464324,0.5925
"17",17,925.068577810482,976.599306814829,0.5925
"721",721,935.780580657763,977.942086206775,0.5925
"500",500,936.255980216449,983.102097493129,0.5925
"821",821,940.996093313006,987.842210589685,0.5925
"352",352,918.505230785208,965.351348061888,0.59125
"866",866,922.10209684481,968.94821412149,0.59125
"889",889,946.940388692073,998.47111769642,0.59125
"777",777,947.621280583027,989.782786132038,0.59125
"367",367,952.253516556876,1003.78424556122,0.59125
"674",674,893.979692392242,936.141197941253,0.59
"143",143,907.711678299694,954.557795576373,0.59
"318",318,939.506302290323,991.037031294671,0.59
"44",44,958.011158993889,1004.85727627057,0.59
"993",993,926.425023691745,977.955752696092,0.58875
"814",814,945.242771146529,992.088888423208,0.58875
"187",187,953.563812926014,1005.09454193036,0.58875
"772",772,955.722734259845,1002.56885153652,0.58875
"790",790,887.743716221136,929.905221770147,0.5875
"55",55,907.308765202703,954.154882479383,0.5875
"574",574,908.136865788308,954.982983064988,0.5875
"437",437,927.061866791571,978.592595795918,0.5875
"857",857,931.437093282318,982.967822286665,0.5875
"467",467,937.745629340164,984.591746616843,0.5875
"382",382,925.711684104881,977.242413109229,0.58625
"438",438,929.299096249204,976.145213525883,0.58625
"684",684,942.254477509555,984.415983058567,0.58625
"82",82,907.260560025538,954.106677302217,0.585
"530",530,922.17560466725,964.337110216262,0.585
"401",401,937.31047185806,979.471977407072,0.585
"719",719,944.452515018658,986.614020567669,0.585
"163",163,912.659389035056,959.505506311736,0.58375
"104",104,925.622246285446,972.468363562125,0.58375
"593",593,936.145528400867,978.307033949879,0.58375
"167",167,939.493466986475,986.339584263154,0.58375
"687",687,944.036458760024,995.567187764371,0.58375
"898",898,924.13832079238,966.299826341391,0.5825
"931",931,932.533148329942,974.694653878954,0.5825
"609",609,942.171061586635,993.701790590983,0.5825
"957",957,924.552696022249,971.398813298929,0.58125
"300",300,914.51223064816,956.673736197171,0.58
"344",344,916.02404260185,967.554771606197,0.58
"490",490,926.954486416915,973.800603693595,0.58
"703",703,927.101553408,969.263058957011,0.58
"409",409,937.343718091993,988.87444709634,0.58
"671",671,921.291817972533,968.137935249212,0.57875
"999",999,921.967436823142,968.813554099821,0.57875
"888",888,926.785365909278,973.631483185957,0.57875
"619",619,931.671950467574,978.518067744254,0.57875
"334",334,936.94496713358,983.791084410259,0.57875
"724",724,907.609440165586,954.455557442265,0.5775
"994",994,948.576891282169,1000.10762028652,0.5775
"87",87,966.873563851199,1013.71968112788,0.5775
"860",860,926.090195769953,972.936313046632,0.57625
"843",843,960.005584842523,1006.8517021192,0.57625
"773",773,968.253569742282,1015.09968701896,0.57625
"758",758,900.769352470141,947.61546974682,0.575
"303",303,937.108653361119,988.639382365466,0.575
"557",557,938.004670736313,980.166176285325,0.575
"93",93,922.853158856102,969.699276132781,0.57375
"547",547,924.3101941323,975.840923136648,0.57375
"433",433,938.241764637095,985.087881913774,0.57375
"589",589,943.960100052956,990.806217329635,0.57375
"655",655,912.945962402894,955.107467951905,0.5725
"154",154,949.224646167435,996.070763444114,0.5725
"464",464,959.371675459355,1010.9024044637,0.5725
"588",588,924.26215784262,971.1082751193,0.57125
"62",62,936.650222536672,983.496339813351,0.57125
"142",142,941.503222231117,993.033951235465,0.57125
"466",466,924.034978315864,966.196483864875,0.57
"322",322,965.184170608958,1016.71489961331,0.57
"471",471,909.074809585307,955.920926861986,0.56875
"278",278,923.243866569897,965.405372118908,0.56875
"210",210,911.051880104552,962.5826091089,0.5675
"240",240,927.064499515726,973.910616792405,0.5675
"244",244,950.126137280464,1001.65686628481,0.5675
"484",484,912.347102230331,963.877831234678,0.56625
"49",49,915.648177967338,967.178906971685,0.56625
"255",255,927.885648537221,979.416377541568,0.56625
"753",753,928.528218919506,980.058947923853,0.56625
"640",640,930.151031230781,967.627925052125,0.56625
"523",523,958.163043824196,1005.00916110087,0.56625
"250",250,909.425326945612,956.271444222291,0.565
"536",536,913.204956991906,964.735685996253,0.565
"998",998,950.362963108495,1001.89369211284,0.565
"125",125,965.326829566386,1012.17294684307,0.56375
"260",260,912.051999275726,949.528893097069,0.5625
"712",712,920.963825625718,972.494554630065,0.5625
"459",459,937.435029905477,979.596535454488,0.5625
"314",314,940.115227742299,991.645956746647,0.5625
"938",938,946.283603709428,993.129720986107,0.5625
"900",900,966.838770417963,1013.68488769464,0.56
"448",448,920.429991103361,971.960720107708,0.55875
"620",620,943.342631373045,994.873360377392,0.55875
"460",460,944.380395839204,991.226513115883,0.55875
"881",881,947.431203175185,994.277320451865,0.55875
"182",182,921.026339914442,972.557068918789,0.5575
"890",890,951.588792205716,998.434909482395,0.5575
"572",572,930.253969238238,977.100086514917,0.55625
"222",222,942.555477853533,984.716983402544,0.55625
"612",612,965.52940182702,1012.3755191037,0.55625
"283",283,938.999601641744,990.530330646092,0.555
"836",836,947.492947978924,994.339065255604,0.55375
"977",977,956.402028530412,1007.93275753476,0.55375
"106",106,959.216248777535,1006.06236605421,0.55375
"617",617,922.607289259882,974.13801826423,0.5525
"197",197,923.622400973801,970.468518250481,0.5525
"710",710,931.425030749167,978.271148025846,0.55125
"174",174,932.862958324176,979.709075600855,0.55125
"846",846,939.522830744785,991.053559749132,0.55125
"390",390,971.948937443251,1014.11044299226,0.55125
"965",965,907.45389186136,949.615397410372,0.55
"114",114,933.385664328562,975.547169877574,0.55
"497",497,917.229392165159,959.39089771417,0.5475
"529",529,930.89178643527,977.737903711949,0.5475
"697",697,945.933121289335,997.463850293682,0.5475
"7",7,933.919759370531,985.450488374878,0.54625
"290",290,920.009996548804,971.540725553151,0.545
"297",297,931.856699899196,978.702817175876,0.545
"319",319,960.565055609584,1012.09578461393,0.545
"835",835,933.293970367337,975.455475916348,0.54375
"851",851,954.956548225962,1001.80266550264,0.54375
"442",442,962.23689772548,1004.39840327449,0.54375
"951",951,952.687462025454,994.848967574466,0.5425
"983",983,952.24244401446,994.403949563471,0.54
"752",752,925.710412159273,977.241141163621,0.53875
"420",420,927.534123999464,979.064853003811,0.53875
"925",925,938.498899409765,985.345016686445,0.5375
"346",346,951.231868404177,993.393373953189,0.53625
"789",789,939.748912476395,991.279641480742,0.535
"310",310,939.918157241253,986.764274517932,0.535
"533",533,950.59584982986,997.441967106539,0.535
"580",580,964.044033061101,1010.89015033778,0.535
"871",871,914.048387884861,960.894505161541,0.53375
"45",45,944.397925136115,991.244042412795,0.53375
"757",757,938.327617778144,985.173735054823,0.53125
"516",516,942.110392358404,993.641121362751,0.53125
"99",99,914.028960173472,960.875077450151,0.53
"615",615,939.721324321915,977.198218143258,0.53
"808",808,942.957907597269,989.804024873948,0.5275
"947",947,959.883306944049,1011.4140359484,0.52625
"465",465,945.885499052807,988.047004601818,0.52375
"696",696,961.849368644156,1008.69548592084,0.52375
"730",730,953.441022384206,1000.28713966089,0.5225
"503",503,939.040508161111,985.88662543779,0.52125
"403",403,942.163254023233,984.324759572245,0.52125
"804",804,938.431298941774,985.277416218453,0.51875
"456",456,947.956598193662,990.118103742674,0.51875
"590",590,930.889336763107,977.735454039787,0.5175
"238",238,969.219371830838,1016.06548910752,0.5175
"487",487,927.433583794443,978.96431279879,0.505
"633",633,960.498650432931,1002.66015598194,0.505
"725",725,939.21640497342,986.0625222501,0.50375
"27",27,948.42985895002,999.960587954368,0.49375
"992",992,968.966003123221,1006.44289694456,0.48875
"120",120,969.192286585272,1020.72301558962,0.485
"256",256,960.281088808129,1007.12720608481,0.4725
"198",198,946.525248976165,988.686754525177,0.465
"329",329,944.975442209983,987.136947758994,0.44375
"610",610,962.099275279379,1008.94539255606,0.44
